Time;Type;CurrentPose;TargetPose;Result
Sat Sep 29 14:37:14 2018;grasp_pose;(0.458984672944,-0.161925983918,0.171934330382)/(0.00116404707328,6.03421080848e-05,-0.000169235026596,0.999999306356);(0.534003555775,0.0980000048876,0.225)/(0.0,0.0,0.0,1.0);success
Sat Sep 29 14:37:16 2018;post_grasp;(0.459332221617,-0.16187105208,0.302678022439)/(-0.00122800432088,-0.0033940849942,-0.0010203129339,0.999992965552);(0.0,0.0,0.0)/(0.0,0.0,0.0,0.0);success
Sat Sep 29 14:37:22 2018;drop_pose;(0.20588313455,-0.196594755495,0.213851750905)/(0.00589535790789,0.00396102924954,-0.00280315432473,0.999970848239);(0.282197535038,0.0621092282236,0.265)/(0.0,0.0,0.0,1.0);success
Sat Sep 29 14:37:40 2018;grasp_pose;(0.205830785417,0.299139715695,0.173485452138)/(-0.000795476079484,0.000956686971021,-0.00624152948759,0.999979747434);(0.281365096569,0.560149908066,0.225)/(0.0,0.0,0.0,1.0);success
Sat Sep 29 14:37:53 2018;post_grasp;(0.206741380422,0.297847002407,0.303341829614)/(0.00103376776951,0.00297700121064,-0.00831494814897,0.999960464431);(0.0,0.0,0.0)/(0.0,0.0,0.0,0.0);success
Sat Sep 29 14:38:07 2018;drop_pose;(0.353035882155,-0.148761477259,0.21330925786)/(0.00158582122161,0.00624645879706,0.00536955891171,0.999964816761);(0.428896814585,0.111394047737,0.265)/(0.0,0.0,0.0,1.0);success
Sat Sep 29 14:38:18 2018;grasp_pose;(0.523391611605,-0.138729849662,0.17009996989)/(0.0025569105485,0.00634010570721,-0.00280365522458,0.99997270202);(0.600407779217,0.120749570429,0.225)/(0.0,0.0,0.0,1.0);success
Sat Sep 29 14:38:20 2018;post_grasp;(0.523492473652,-0.138620059337,0.30047768532)/(0.00214514383545,0.00390646899754,-0.00189904476652,0.999988265675);(0.0,0.0,0.0)/(0.0,0.0,0.0,0.0);success
Sat Sep 29 14:38:25 2018;drop_pose;(0.347072482663,-0.193688111744,0.212334133734)/(0.00194392166283,0.00403725243928,-0.00479089809467,0.999978484297);(0.423110067844,0.0664471909404,0.265)/(0.0,0.0,0.0,1.0);success
Sat Sep 29 14:38:46 2018;grasp_pose;(0.411202710367,0.198452653125,0.172156399125)/(-0.00083081470677,0.00343483913168,-0.00285633192408,0.999989676444);(0.486796945333,0.458407074213,0.225)/(0.0,0.0,0.0,1.0);success
Sat Sep 29 14:38:48 2018;post_grasp;(0.411523317321,0.198566298673,0.30242550341)/(0.000195518616942,0.000527706733191,-0.00178403990802,0.999998250248);(0.0,0.0,0.0)/(0.0,0.0,0.0,0.0);success
Sat Sep 29 14:38:54 2018;drop_pose;(0.351042103476,-0.239811670105,0.213158141808)/(0.00172595589465,0.00324769801939,-0.00477533593349,0.999981834685);(0.426739126444,0.0211364664137,0.265)/(0.0,0.0,0.0,1.0);success
Sat Sep 29 14:39:19 2018;grasp_pose;(0.25281710616,0.268718695478,0.173717548891)/(-0.00131028517842,0.00214054953775,-0.000941936064117,0.999996406972);(0.328476756811,0.529403984547,0.225)/(0.0,0.0,0.0,1.0);success
Sat Sep 29 14:39:21 2018;post_grasp;(0.252957954702,0.268934451222,0.303917494497)/(-0.000107301713067,0.000379464540729,-0.00325305156198,0.99999463106);(0.0,0.0,0.0)/(0.0,0.0,0.0,0.0);success
Sat Sep 29 14:39:26 2018;drop_pose;(0.566876132612,0.0124750470249,0.211907502274)/(0.000120305711734,0.000401963131653,-0.00489709700435,0.999987921124);(0.641275584698,0.27394720912,0.265)/(0.0,0.0,0.0,1.0);success
Sat Sep 29 14:39:48 2018;grasp_pose;(0.243691061722,-0.205692856275,0.173734500052)/(-0.00105372277313,-0.000308452321917,-0.00253747396738,0.999996177868);(0.318582206964,0.0545804351568,0.225)/(0.0,0.0,0.0,1.0);success
Sat Sep 29 14:39:50 2018;post_grasp;(0.243745666818,-0.205672314396,0.303435758534)/(-0.00225534492934,-0.00118891088322,-0.00265762500808,0.999993218447);(0.0,0.0,0.0)/(0.0,0.0,0.0,0.0);success
Sat Sep 29 14:39:55 2018;drop_pose;(0.36330745498,-0.0859659872232,0.213588304706)/(0.00166406129712,0.00289703221046,0.00632451498166,0.99997441898);(0.43836581707,0.172354638577,0.265)/(0.0,0.0,0.0,1.0);success
Sat Sep 29 14:40:21 2018;grasp_pose;(0.250805139288,0.213234259676,0.173627603063)/(-0.00228822955274,0.00262964523306,0.00188137650456,0.999992154666);(0.326413929462,0.473822414875,0.225)/(0.0,0.0,0.0,1.0);success
Sat Sep 29 14:40:31 2018;post_grasp;(0.250361746036,0.21192241684,0.303515927461)/(-0.00427264151567,0.00441478595589,-0.00137570762933,0.999980180618);(0.0,0.0,0.0)/(0.0,0.0,0.0,0.0);success
Sat Sep 29 14:40:36 2018;drop_pose;(0.185432269157,0.214391640927,0.214278236899)/(0.000175893877486,0.000682015215742,0.00448946524934,0.999989674256);(0.260424077511,0.474564313889,0.265)/(0.0,0.0,0.0,1.0);success
Sat Sep 29 14:40:52 2018;grasp_pose;(0.530931918985,0.0109062071405,0.171585866273)/(0.000910279709868,0.00495674606078,-0.0012539712584,0.999986514717);(0.607250273228,0.27084377408,0.225)/(0.0,0.0,0.0,1.0);success
Sat Sep 29 14:40:54 2018;post_grasp;(0.531193749082,0.0105283950583,0.302277747632)/(0.000838390857714,0.00195560943525,-0.000298122194754,0.999997691905);(0.0,0.0,0.0)/(0.0,0.0,0.0,0.0);success
Sat Sep 29 14:41:02 2018;drop_pose;(0.190546451922,-0.150128691874,0.213859370855)/(0.00384256311165,0.00188215999544,0.00140528886244,0.999989858621);(0.265683144331,0.109975360334,0.265)/(0.0,0.0,0.0,1.0);success
Sat Sep 29 14:41:13 2018;grasp_pose;(0.247307584728,-0.000252219346476,0.173901556322)/(-0.00266302143335,0.00544424798483,-0.00143721356408,0.999980601261);(0.323474675417,0.259875267744,0.225)/(0.0,0.0,0.0,1.0);success
Sat Sep 29 14:41:16 2018;post_grasp;(0.247409611406,-0.000152337001276,0.304024229806)/(-0.00157670565463,0.00219494788442,-0.00147330493702,0.999995262777);(0.0,0.0,0.0)/(0.0,0.0,0.0,0.0);success
Sat Sep 29 14:41:21 2018;drop_pose;(0.454231523231,0.076804222957,0.212997313661)/(0.000113148880436,0.000530166652353,0.00106319484223,0.999999287868);(0.528961420059,0.336982876062,0.265)/(0.0,0.0,0.0,1.0);success
Sat Sep 29 14:41:38 2018;grasp_pose;(0.206344816527,-0.196376958728,0.174316444593)/(-0.00153835986562,-8.43302482063e-06,0.00128869832357,0.999997986315);(0.280943661928,0.0638965666294,0.225)/(0.0,0.0,0.0,1.0);success
Sat Sep 29 14:41:40 2018;post_grasp;(0.206427008535,-0.19643392051,0.304213296101)/(-0.00156104093497,-0.000178863818614,-0.00191315692059,0.99999693549);(0.0,0.0,0.0)/(0.0,0.0,0.0,0.0);success
Sat Sep 29 14:41:46 2018;drop_pose;(0.485773519603,-0.123233189385,0.21262606584)/(-0.000847435988796,-0.000510831791724,0.00587161025171,0.999982272391);(0.559882760048,0.136102437973,0.265)/(0.0,0.0,0.0,1.0);success
Sat Sep 29 14:42:12 2018;grasp_pose;(0.286461010069,-0.130886121031,0.173949702236)/(0.0012944980188,0.00411237209427,0.000101517676123,0.999990701139);(0.362447172403,0.129352480173,0.225)/(0.0,0.0,0.0,1.0);success
Sat Sep 29 14:42:22 2018;post_grasp;(0.28541428961,-0.12990766805,0.30364910788)/(0.00320311333411,0.00777089942323,0.00393339504928,0.999956939868);(0.0,0.0,0.0)/(0.0,0.0,0.0,0.0);success
Sat Sep 29 14:42:27 2018;drop_pose;(0.366175051703,0.111397163059,0.213662836461)/(-0.000830952323066,0.00201298381291,0.0053024290128,0.999983570696);(0.441821694374,0.370404452085,0.265)/(0.0,0.0,0.0,1.0);success
Sat Sep 29 14:42:49 2018;grasp_pose;(0.261219098297,-0.105511876549,0.173853108678)/(0.00108708318915,0.00323249683461,0.000261152028818,0.99999415049);(0.336527854204,0.154490366578,0.225)/(0.0,0.0,0.0,1.0);success
Sat Sep 29 14:42:51 2018;post_grasp;(0.261174533504,-0.105506510942,0.30400296568)/(0.000941273906519,0.00212090587602,-0.00274770550734,0.999993532917);(0.0,0.0,0.0)/(0.0,0.0,0.0,0.0);success
Sat Sep 29 14:42:57 2018;drop_pose;(0.204494776854,0.164485802016,0.214342153038)/(-0.00104676569899,0.00304042354925,0.00378466412269,0.999987668136);(0.280634909868,0.423569947481,0.265)/(0.0,0.0,0.0,1.0);success
Sat Sep 29 14:43:18 2018;grasp_pose;(0.35956945033,0.202976329344,0.172872552677)/(-0.00229331184813,0.00458506417243,-0.00229846816078,0.999984217351);(0.435386687517,0.46321618557,0.225)/(0.0,0.0,0.0,1.0);success
Sat Sep 29 14:43:20 2018;post_grasp;(0.359517366708,0.202943230173,0.303498465705)/(-0.00161367097388,0.00168477388307,-0.00323781365975,0.999992037051);(0.0,0.0,0.0)/(0.0,0.0,0.0,0.0);success
Sat Sep 29 14:43:26 2018;drop_pose;(0.546118453041,0.227723063879,0.210696426688)/(7.30031295901e-05,0.00199464327923,-0.00189258067737,0.999996217096);(0.621307551861,0.487719684839,0.265)/(0.0,0.0,0.0,1.0);success
Sat Sep 29 14:43:44 2018;grasp_pose;(0.247811107103,-0.137040904232,0.173997249082)/(9.83447324235e-05,-0.000342286271639,0.00397339553725,0.999992042617);(0.322575360537,0.122705258429,0.225)/(0.0,0.0,0.0,1.0);success
Sat Sep 29 14:43:46 2018;post_grasp;(0.247996347129,-0.137034290437,0.30400422689)/(-0.00110485049539,-0.00144792858195,0.00666870507589,0.999976105305);(0.0,0.0,0.0)/(0.0,0.0,0.0,0.0);success
Sat Sep 29 14:44:00 2018;drop_pose;(0.441277435094,0.1554562399,0.211782595149)/(-0.00203500941354,0.00712636500604,-0.00115814210101,0.999971865787);(0.517036914825,0.418005496264,0.265)/(0.0,0.0,0.0,1.0);success
Sat Sep 29 14:44:11 2018;grasp_pose;(0.520833918066,0.0786346900345,0.171353932394)/(-0.00137544648701,0.00514948713858,0.0012267892037,0.999985042847);(0.597018241882,0.33861374855,0.225)/(0.0,0.0,0.0,1.0);success
Sat Sep 29 14:44:13 2018;post_grasp;(0.520816456622,0.0786684564841,0.301790395081)/(-0.000263286978936,0.00156312783945,0.000638506136012,0.99999853981);(0.0,0.0,0.0)/(0.0,0.0,0.0,0.0);success
Sat Sep 29 14:44:19 2018;drop_pose;(0.315746879066,-0.061489800024,0.213365227191)/(0.000561529143721,0.00517719549753,-0.00317269487128,0.999981407497);(0.391812235117,0.198447778821,0.265)/(0.0,0.0,0.0,1.0);success
Sat Sep 29 14:44:40 2018;grasp_pose;(0.555665954003,0.210030036972,0.170062808563)/(-0.00140840597091,0.00767039431952,-0.000935479294396,0.999969152685);(0.631812930107,0.472442418337,0.225)/(0.0,0.0,0.0,1.0);success
Sat Sep 29 14:44:42 2018;post_grasp;(0.555782750213,0.209693483416,0.300490024609)/(0.000308265710504,0.00583316129467,-0.00034990949577,0.999982878236);(0.0,0.0,0.0)/(0.0,0.0,0.0,0.0);success
Sat Sep 29 14:44:57 2018;drop_pose;(0.241526331811,0.0516642385412,0.214155824547)/(-0.000584047762935,-0.000552548853464,-0.00459469727348,0.999989121108);(0.316255897284,0.312247335911,0.265)/(0.0,0.0,0.0,1.0);success
Sat Sep 29 14:45:23 2018;grasp_pose;(0.388229373188,0.165118506419,0.1724079803)/(-0.00132599579061,0.00466044871676,-0.00237910927366,0.99998543079);(0.463747054338,0.427058935165,0.225)/(0.0,0.0,0.0,1.0);success
Sat Sep 29 14:45:25 2018;post_grasp;(0.388307931591,0.165013686974,0.302783746655)/(-0.00125853086499,0.00381595981239,0.000608481577781,0.999991742116);(0.0,0.0,0.0)/(0.0,0.0,0.0,0.0);success
Sat Sep 29 14:45:30 2018;drop_pose;(0.463538296925,-0.106373010069,0.211404531554)/(0.000749638659962,0.00633236584045,-0.00647621767509,0.999958698042);(0.540450453758,0.156754419208,0.265)/(0.0,0.0,0.0,1.0);success
Sat Sep 29 14:45:41 2018;grasp_pose;(0.269801786711,0.0421403104699,0.17381728383)/(0.00236412624109,0.00461054887763,-0.00174499000812,0.999985054266);(0.345345616341,0.301882505417,0.225)/(0.0,0.0,0.0,1.0);success
Sat Sep 29 14:45:51 2018;post_grasp;(0.268388462446,0.0423216532046,0.303608716831)/(0.00167737128696,0.0080044187944,-0.00286225446429,0.999962460898);(0.0,0.0,0.0)/(0.0,0.0,0.0,0.0);success
Sat Sep 29 14:45:56 2018;drop_pose;(0.433778473997,0.17704559098,0.213006180765)/(-0.00060516341689,-0.00035583533466,0.00398984686271,0.999991794107);(0.508255243301,0.437237411737,0.265)/(0.0,0.0,0.0,1.0);success
Sat Sep 29 14:46:12 2018;grasp_pose;(0.365835373872,-0.0478611428523,0.173660125916)/(0.000683971760879,0.00385652182643,-0.00244207394277,0.999989347792);(0.44180637598,0.21178932488,0.225)/(0.0,0.0,0.0,1.0);success
Sat Sep 29 14:46:14 2018;post_grasp;(0.366082651117,-0.0477750612968,0.303593232421)/(-0.000304534316514,0.00325539163583,-2.20931697747e-05,0.999994654584);(0.0,0.0,0.0)/(0.0,0.0,0.0,0.0);success
Sat Sep 29 14:46:19 2018;drop_pose;(0.464989143747,0.189441658413,0.212463658602)/(0.000307337405229,-0.000699543749102,0.00429923469912,0.999990466336);(0.539854049683,0.447190344334,0.265)/(0.0,0.0,0.0,1.0);success
Sat Sep 29 14:46:30 2018;grasp_pose;(0.609899653408,-0.14678171235,0.170481006474)/(0.00289619974946,0.00324752353063,-0.00122452829979,0.999989783022);(0.68583804369,0.113030441105,0.225)/(0.0,0.0,0.0,1.0);success
Sat Sep 29 14:46:32 2018;post_grasp;(0.610014264472,-0.146870858574,0.300510263097)/(0.00164336109994,0.00112144314299,-0.000467422544549,0.999997911621);(0.0,0.0,0.0)/(0.0,0.0,0.0,0.0);success
Sat Sep 29 14:46:37 2018;drop_pose;(0.600284523479,-0.125980303836,0.21030052579)/(0.00123592364311,0.00669799011128,-0.00013409997958,0.99997679545);(0.676175117493,0.13416787982,0.265)/(0.0,0.0,0.0,1.0);success
Sat Sep 29 14:46:57 2018;grasp_pose;(0.379033548022,-0.252812053298,0.173457297756)/(0.00124884230274,0.00140639937075,0.00305343411956,0.999993569466);(0.453635215759,0.00674423202872,0.225)/(0.0,0.0,0.0,1.0);success
Sat Sep 29 14:46:59 2018;post_grasp;(0.378873397182,-0.252981897325,0.303176057568)/(0.000712543652387,0.00155395999256,0.00511718906057,0.999985445827);(0.0,0.0,0.0)/(0.0,0.0,0.0,0.0);success
Sat Sep 29 14:47:05 2018;drop_pose;(0.24509180239,-0.117134715566,0.214420900272)/(0.00131517014416,0.00416491116288,-0.000289054551606,0.999990420099);(0.32091075182,0.142867967486,0.265)/(0.0,0.0,0.0,1.0);success
Sat Sep 29 14:47:16 2018;grasp_pose;(0.594672071823,-0.041741255528,0.170724396115)/(0.00198099099639,0.00404364090504,0.000375286245708,0.999989791849);(0.670347929001,0.217504873872,0.225)/(0.0,0.0,0.0,1.0);success
Sat Sep 29 14:47:18 2018;post_grasp;(0.594638096324,-0.042261966144,0.301230344441)/(0.000352047018572,0.00278373548063,0.00272533667804,0.999992349681);(0.0,0.0,0.0)/(0.0,0.0,0.0,0.0);success
Sat Sep 29 14:47:23 2018;drop_pose;(0.539028180188,0.287316120495,0.209658159909)/(-0.00302912528234,0.00537447531956,0.00705000767443,0.999956117441);(0.615826368332,0.54677683115,0.265)/(0.0,0.0,0.0,1.0);success
Sat Sep 29 14:47:40 2018;grasp_pose;(0.190635456155,-0.0620690935914,0.174560687429)/(9.69405614996e-05,-0.00130502772696,-0.00237757586742,0.999996317312);(0.265867054462,0.197914779186,0.225)/(0.0,0.0,0.0,1.0);success
Sat Sep 29 14:47:42 2018;post_grasp;(0.190935935726,-0.0620527609053,0.304321951906)/(-0.000185143181661,-0.00213907574375,0.000512559443963,0.999997563677);(0.0,0.0,0.0)/(0.0,0.0,0.0,0.0);success
Sat Sep 29 14:47:50 2018;drop_pose;(0.616381820981,0.131874280192,0.211227446497)/(-0.000597073984468,7.57647072803e-06,0.0011515683267,0.999999158667);(0.690923035145,0.391849607229,0.265)/(0.0,0.0,0.0,1.0);success
Sat Sep 29 14:48:14 2018;grasp_pose;(0.391061579595,-0.174661279331,0.172631783089)/(0.00126494317198,0.00473337512343,-0.00201283513854,0.999985971688);(0.46779614687,0.0867325663567,0.225)/(0.0,0.0,0.0,1.0);success
Sat Sep 29 14:48:16 2018;post_grasp;(0.391226467987,-0.174790306396,0.302534032611)/(0.000819231942856,0.00207969022496,-0.00267698789672,0.999993918723);(0.0,0.0,0.0)/(0.0,0.0,0.0,0.0);success
Sat Sep 29 14:48:28 2018;drop_pose;(0.450203572065,0.106107922932,0.211849766771)/(0.00198205853156,0.00735661281288,-0.00222709334611,0.999968495377);(0.525676369667,0.366309076548,0.265)/(0.0,0.0,0.0,1.0);success
Sat Sep 29 14:48:40 2018;grasp_pose;(0.497348385207,-0.0319497727809,0.172129013132)/(0.000169652150998,0.00479415236956,-3.59360436827e-05,0.999988492949);(0.573563277721,0.227648541331,0.225)/(0.0,0.0,0.0,1.0);success
Sat Sep 29 14:48:42 2018;post_grasp;(0.497494420721,-0.0318907516775,0.302341884532)/(-0.00025064793893,0.00268018270316,0.00057652446015,0.999996210701);(0.0,0.0,0.0)/(0.0,0.0,0.0,0.0);success
Sat Sep 29 14:48:47 2018;drop_pose;(0.613184755141,-0.0371887362442,0.212025112558)/(0.000727040641222,-3.86111945115e-05,-0.000146298055374,0.999999724259);(0.688123166561,0.222801238298,0.265)/(0.0,0.0,0.0,1.0);success
Sat Sep 29 14:49:08 2018;grasp_pose;(0.211854160184,0.062568060719,0.174003976181)/(-0.00129422377341,2.24882218777e-05,-0.00350589939623,0.99999301655);(0.286343693733,0.322891116142,0.225)/(0.0,0.0,0.0,1.0);success
Sat Sep 29 14:49:10 2018;post_grasp;(0.21221144365,0.0625570138407,0.303939534412)/(-0.00158711611731,-0.00223225208634,-0.0046304541274,0.999985528399);(0.0,0.0,0.0)/(0.0,0.0,0.0,0.0);success
Sat Sep 29 14:49:17 2018;drop_pose;(0.505342155124,-0.102832605195,0.212225577642)/(-0.00131852644347,-0.00121160826432,-0.000214133503204,0.999998373819);(0.579775512218,0.157339975238,0.265)/(0.0,0.0,0.0,1.0);success
Sat Sep 29 14:49:31 2018;grasp_pose;(0.580034503912,0.132389942165,0.170169441485)/(-0.00017334052895,0.00554551492613,0.000962660824707,0.999984145125);(0.655957460403,0.392664700747,0.225)/(0.0,0.0,0.0,1.0);success
Sat Sep 29 14:49:33 2018;post_grasp;(0.58028039965,0.132061266572,0.300391163256)/(0.000370266586337,0.00300206499047,0.0014891234702,0.999994316494);(0.0,0.0,0.0)/(0.0,0.0,0.0,0.0);success
Sat Sep 29 14:49:39 2018;drop_pose;(0.433439274842,0.0316801218417,0.211625775816)/(-0.000586339895998,0.0072597673422,-0.00135101167469,0.999972562999);(0.510134339333,0.291739881039,0.265)/(0.0,0.0,0.0,1.0);success
Sat Sep 29 14:49:49 2018;grasp_pose;(0.286189019787,0.0072668903615,0.173876291928)/(0.000634223264327,0.00425579805116,-0.00160496548315,0.999989454959);(0.361839205027,0.266633093357,0.225)/(0.0,0.0,0.0,1.0);success
Sat Sep 29 14:50:01 2018;post_grasp;(0.28544460299,0.0071895782429,0.303636112112)/(0.000585906459928,0.00816289336536,-0.00100957436872,0.999966001745);(0.0,0.0,0.0)/(0.0,0.0,0.0,0.0);success
Sat Sep 29 14:50:06 2018;drop_pose;(0.30978895242,-0.0500603711145,0.213058069742)/(0.000354180853717,0.00572581771379,-0.00404472161217,0.999975364594);(0.385384202003,0.210661575198,0.265)/(0.0,0.0,0.0,1.0);success
Sat Sep 29 14:50:17 2018;grasp_pose;(0.476683193885,-0.0382932368573,0.171397990544)/(0.000719799559263,0.00564508321424,-0.00223173641112,0.999981316964);(0.553419470787,0.22228948772,0.225)/(0.0,0.0,0.0,1.0);success
Sat Sep 29 14:50:19 2018;post_grasp;(0.476855185941,-0.0385215435092,0.301347454347)/(0.000785845023271,0.00346225880704,-0.00140951094345,0.999992704219);(0.0,0.0,0.0)/(0.0,0.0,0.0,0.0);success
Sat Sep 29 14:50:25 2018;drop_pose;(0.274704627277,0.237658865281,0.212873666329)/(-0.00451508047219,0.00426454930672,0.00522962032389,0.999967038826);(0.351271361113,0.497364908457,0.265)/(0.0,0.0,0.0,1.0);success
Sat Sep 29 14:50:36 2018;grasp_pose;(0.465819762643,-0.155255352899,0.171345377358)/(0.00270845861963,0.00629200296072,-0.00335786490367,0.999970899424);(0.542787134647,0.1038774997,0.225)/(0.0,0.0,0.0,1.0);success
Sat Sep 29 14:50:38 2018;post_grasp;(0.465927743475,-0.155162700839,0.301086704665)/(0.00274728213469,0.0043667372282,-0.00366358334206,0.999979980902);(0.0,0.0,0.0)/(0.0,0.0,0.0,0.0);success
Sat Sep 29 14:50:51 2018;drop_pose;(0.348217344822,-0.189265423749,0.213043537745)/(0.00288351405827,0.00391243552739,-0.00172281481034,0.999986704964);(0.423743188381,0.0696841180325,0.265)/(0.0,0.0,0.0,1.0);success
Sat Sep 29 14:51:06 2018;grasp_pose;(0.53966555942,-0.0174874768796,0.171631734217)/(0.00166941589015,0.00532642663035,-0.0010478913779,0.999983871947);(0.61593914032,0.241444334388,0.225)/(0.0,0.0,0.0,1.0);success
Sat Sep 29 14:51:08 2018;post_grasp;(0.539571232516,-0.0172753047474,0.302018285333)/(0.000989972972504,0.0040194908628,0.00175179909661,0.999989897372);(0.0,0.0,0.0)/(0.0,0.0,0.0,0.0);success
Sat Sep 29 14:51:13 2018;drop_pose;(0.470557000775,0.0632225539807,0.211103546729)/(-0.0020570743767,0.00890350599144,0.0030757239245,0.999953516894);(0.546938538551,0.323324710131,0.265)/(0.0,0.0,0.0,1.0);success
Sat Sep 29 14:51:31 2018;grasp_pose;(0.293233754153,-0.15536459207,0.173158471557)/(0.00215748363423,0.00344929071351,-0.00258138813366,0.999988391979);(0.369434535503,0.10575466603,0.225)/(0.0,0.0,0.0,1.0);success
Sat Sep 29 14:51:42 2018;post_grasp;(0.292651262167,-0.15527909995,0.302715963861)/(0.000712602625165,0.00484490268837,-0.00319800040352,0.999982895808);(0.0,0.0,0.0)/(0.0,0.0,0.0,0.0);success
Sat Sep 29 14:51:48 2018;drop_pose;(0.349045696239,0.256883039826,0.212709848527)/(-0.00130841735667,0.00279657545358,0.00698037692279,0.99997087035);(0.425867110491,0.516298592091,0.265)/(0.0,0.0,0.0,1.0);success
Sat Sep 29 14:52:04 2018;grasp_pose;(0.360398495668,-0.078519540435,0.173357413634)/(0.000988994281909,0.0047839913764,-0.00300782200203,0.999983544026);(0.436629384756,0.181321844459,0.225)/(0.0,0.0,0.0,1.0);success
Sat Sep 29 14:52:06 2018;post_grasp;(0.360635150568,-0.0787528993103,0.303404063325)/(0.00126389287062,0.000538779420382,-0.00389645896525,0.999991464913);(0.0,0.0,0.0)/(0.0,0.0,0.0,0.0);success
Sat Sep 29 14:52:11 2018;drop_pose;(0.317562759846,-0.00223330354213,0.21425254217)/(2.60203183473e-05,0.00296980633722,0.00124441837292,0.999994815485);(0.3924292624,0.257467329502,0.265)/(0.0,0.0,0.0,1.0);success
Sat Sep 29 14:52:26 2018;grasp_pose;(0.577170528309,-0.242185605968,0.170221322821)/(0.00171427896056,0.00686992024953,-0.00523266437366,0.999961241582);(0.654493808746,0.0194288156927,0.225)/(0.0,0.0,0.0,1.0);success
Sat Sep 29 14:52:28 2018;post_grasp;(0.577250985565,-0.242179720843,0.29933059731)/(0.00317071024739,0.00596582644624,-0.00760361783412,0.999948268916);(0.0,0.0,0.0)/(0.0,0.0,0.0,0.0);success
Sat Sep 29 14:52:33 2018;drop_pose;(0.531277648926,0.0476650980323,0.210408153345)/(-0.00126482726387,0.00658833078017,0.0030347317855,0.999972891889);(0.607795834541,0.306697994471,0.265)/(0.0,0.0,0.0,1.0);success
Sat Sep 29 14:52:57 2018;grasp_pose;(0.228732614424,-0.0450530131256,0.17380845864)/(-0.00103325564757,0.000211650507224,0.00303813328074,0.999994828653);(0.30361020565,0.214725270867,0.225)/(0.0,0.0,0.0,1.0);success
Sat Sep 29 14:53:00 2018;post_grasp;(0.228870416019,-0.0451651454668,0.30354039958)/(-0.00119765852755,-0.00151243374907,0.000393501359039,0.999998061656);(0.0,0.0,0.0)/(0.0,0.0,0.0,0.0);success
Sat Sep 29 14:53:06 2018;drop_pose;(0.406912281697,0.227966926006,0.213028008068)/(-0.000519431879667,0.000527148625849,0.00585035822894,0.999982612656);(0.482397943735,0.485821962357,0.265)/(0.0,0.0,0.0,1.0);success
Sat Sep 29 14:53:31 2018;grasp_pose;(0.196950825235,0.176919401024,0.173463516019)/(0.000917402750515,0.000349348732495,0.00386354830474,0.99999205463);(0.271808594465,0.436591237783,0.225)/(0.0,0.0,0.0,1.0);success
Sat Sep 29 14:53:33 2018;post_grasp;(0.197101353603,0.1770035338,0.303757687614)/(0.00421214954795,-0.00143276492043,0.00383177172022,0.999982761105);(0.0,0.0,0.0)/(0.0,0.0,0.0,0.0);success
Sat Sep 29 14:53:39 2018;drop_pose;(0.544081021922,0.119623886094,0.212318314309)/(-0.000861987271683,0.000329784971413,-0.00298566902991,0.999995116988);(0.619042575359,0.380233079195,0.265)/(0.0,0.0,0.0,1.0);success
Sat Sep 29 14:53:55 2018;grasp_pose;(0.263478939774,-0.249144495737,0.17311240912)/(0.00438804491613,0.00390377222329,0.000734956642719,0.999982482578);(0.339523106813,0.00875856634229,0.225)/(0.0,0.0,0.0,1.0);success
Sat Sep 29 14:53:57 2018;post_grasp;(0.263586267851,-0.249233242829,0.30302440434)/(0.00346176096177,0.00227622735403,-0.000873345885791,0.999991036093);(0.0,0.0,0.0)/(0.0,0.0,0.0,0.0);success
Sat Sep 29 14:54:03 2018;drop_pose;(0.240295934947,0.0472361000009,0.214221697578)/(0.000186252646292,0.00407934281577,0.00226047940296,0.999989107193);(0.316025584936,0.306245207787,0.265)/(0.0,0.0,0.0,1.0);success
Sat Sep 29 14:54:25 2018;grasp_pose;(0.29264805491,-0.113379427167,0.174066681753)/(-0.00139535622,-0.000210017662672,0.000416000510038,0.999998917908);(0.368021190166,0.146413639188,0.225)/(0.0,0.0,0.0,1.0);success
Sat Sep 29 14:54:36 2018;post_grasp;(0.29191072274,-0.11322099104,0.304104761581)/(8.52649210175e-05,-0.000293574362948,0.00143733522777,0.999998920305);(0.0,0.0,0.0)/(0.0,0.0,0.0,0.0);success
Sat Sep 29 14:54:41 2018;drop_pose;(0.417935450946,-0.0265855963316,0.213424458746)/(-9.56565980219e-05,0.0010965003807,0.00585656569647,0.99998224443);(0.491948902607,0.232590943575,0.265)/(0.0,0.0,0.0,1.0);success
Sat Sep 29 14:55:00 2018;grasp_pose;(0.238225729899,0.0932520812044,0.173796064596)/(0.000833862656902,-0.000269414465657,0.00299326543111,0.999995136214);(0.31282222271,0.353710174561,0.225)/(0.0,0.0,0.0,1.0);success
Sat Sep 29 14:55:02 2018;post_grasp;(0.238331392642,0.0931452112408,0.30435753915)/(0.00201914930083,-0.0030412378204,0.00472494492619,0.999982174243);(0.0,0.0,0.0)/(0.0,0.0,0.0,0.0);success
Sat Sep 29 14:55:09 2018;drop_pose;(0.535141298793,-0.183979099321,0.212022483262)/(0.000264185193557,0.000612390294868,-0.00355884387124,0.999993444886);(0.610415458679,0.0763693228364,0.265)/(0.0,0.0,0.0,1.0);success
Sat Sep 29 14:55:23 2018;grasp_pose;(0.322453427818,0.293514728135,0.173121423506)/(-0.000583895795741,0.00149717579385,0.00202935914191,0.99999664961);(0.398070216179,0.553439199924,0.225)/(0.0,0.0,0.0,1.0);success
Sat Sep 29 14:55:25 2018;post_grasp;(0.322477034386,0.293550970542,0.302660693765)/(0.000325129890186,-0.0016435139731,0.0028618111157,0.99999450158);(0.0,0.0,0.0)/(0.0,0.0,0.0,0.0);success
Sat Sep 29 14:55:31 2018;drop_pose;(0.316854047336,-0.0342424368004,0.213382543799)/(0.00246951059438,0.00536555641869,-0.00739211694544,0.999955233462);(0.392775297165,0.226949006319,0.265)/(0.0,0.0,0.0,1.0);success
Sat Sep 29 14:55:47 2018;grasp_pose;(0.404718263516,-0.0491076840329,0.173065652869)/(8.34416516255e-05,0.00595222912692,0.000828978019099,0.999981938238);(0.480725646019,0.210463926196,0.225)/(0.0,0.0,0.0,1.0);success
Sat Sep 29 14:55:49 2018;post_grasp;(0.404921158148,-0.0493679775646,0.303157832499)/(-1.41802871447e-05,0.00374840779251,0.00073600626832,0.99999270374);(0.0,0.0,0.0)/(0.0,0.0,0.0,0.0);success
Sat Sep 29 14:55:55 2018;drop_pose;(0.337271001234,0.274011352656,0.213225157726)/(-0.00231286620212,0.00167139706675,0.00606718331996,0.999977522932);(0.413475751877,0.533215582371,0.265)/(0.0,0.0,0.0,1.0);success
Sat Sep 29 14:56:10 2018;grasp_pose;(0.524825563963,0.191588141537,0.170712387846)/(-0.00276763626112,0.00124908545561,0.000650026937153,0.999995178708);(0.601815998554,0.450652956963,0.225)/(0.0,0.0,0.0,1.0);success
Sat Sep 29 14:56:12 2018;post_grasp;(0.524877105766,0.191765598344,0.300048967514)/(-0.00140815119209,0.000182354504679,-0.00174537105745,0.999997468765);(0.0,0.0,0.0)/(0.0,0.0,0.0,0.0);success
Sat Sep 29 14:56:18 2018;drop_pose;(0.344959150312,0.045958596499,0.213175112822)/(-0.000168216697855,0.00639298484617,-0.000535094971928,0.999979407349);(0.421202927828,0.305921673775,0.265)/(0.0,0.0,0.0,1.0);success
Sat Sep 29 14:56:34 2018;grasp_pose;(0.459023426579,0.0469991089036,0.172445544936)/(0.00037442572703,0.00501775728203,-0.00321209662342,0.999982182018);(0.535314798355,0.307530671358,0.225)/(0.0,0.0,0.0,1.0);success
Sat Sep 29 14:56:36 2018;post_grasp;(0.458989874543,0.04661559704,0.302514218236)/(-0.00128758865428,0.00493231579612,0.000461343041862,0.999986900684);(0.0,0.0,0.0)/(0.0,0.0,0.0,0.0);success
Sat Sep 29 14:56:41 2018;drop_pose;(0.38167035695,0.0049378247587,0.213563149993)/(-0.000450422702368,0.00501038040756,-0.00104867585509,0.999986796656);(0.457229912281,0.265084207058,0.265)/(0.0,0.0,0.0,1.0);success
Sat Sep 29 14:56:52 2018;grasp_pose;(0.458404904674,0.0537675904672,0.171396615488)/(0.000242824706443,0.00714821193131,-0.000947613887774,0.999973972726);(0.535291731358,0.314433306456,0.225)/(0.0,0.0,0.0,1.0);success
Sat Sep 29 14:56:54 2018;post_grasp;(0.458301586302,0.0536130181983,0.300159967571)/(-0.000367536643437,0.00739370846288,0.000545143917831,0.999972450026);(0.0,0.0,0.0)/(0.0,0.0,0.0,0.0);success
Sat Sep 29 14:56:59 2018;drop_pose;(0.410047424182,-0.0373006121263,0.213120871567)/(0.000664098734641,0.00410299031568,-0.00497886810897,0.999978967437);(0.485971152782,0.223093062639,0.265)/(0.0,0.0,0.0,1.0);success
Sat Sep 29 14:57:11 2018;grasp_pose;(0.505319150701,0.0501821172544,0.171866579224)/(0.000411325846231,0.00604449070412,-0.000151502598999,0.999981635826);(0.581652879715,0.309691399336,0.225)/(0.0,0.0,0.0,1.0);success
Sat Sep 29 14:57:13 2018;post_grasp;(0.505297400818,0.0502641946641,0.301641615897)/(2.3793628103e-05,0.00440706393277,0.000774524036895,0.999989988617);(0.0,0.0,0.0)/(0.0,0.0,0.0,0.0);success
Sat Sep 29 14:57:18 2018;drop_pose;(0.601883413863,-0.158996052928,0.211817007307)/(-0.000263970000915,0.00078866012669,-0.00356521992713,0.999993298749);(0.676728785038,0.101678267121,0.265)/(0.0,0.0,0.0,1.0);success
Sat Sep 29 14:57:29 2018;grasp_pose;(0.260195431772,0.316897736586,0.172988308367)/(-0.00415304124119,0.00268295443466,0.00496948788689,0.999975428795);(0.336150795221,0.576948642731,0.225)/(0.0,0.0,0.0,1.0);success
Sat Sep 29 14:57:31 2018;post_grasp;(0.260177615981,0.31686392928,0.30217783631)/(-0.00261524968637,0.00146936556403,0.00499722053839,0.999983014466);(0.0,0.0,0.0)/(0.0,0.0,0.0,0.0);success
Sat Sep 29 14:57:37 2018;drop_pose;(0.46117561233,-0.0774440657165,0.212513192746)/(0.000415072489586,0.00299118640206,-0.00641407141126,0.999974869788);(0.536987304688,0.183651357889,0.265)/(0.0,0.0,0.0,1.0);success
Sat Sep 29 14:57:48 2018;grasp_pose;(0.267415837772,0.00346283203198,0.173688481653)/(0.00299249125997,0.00215829229255,-0.00405461904808,0.999984973305);(0.342487186193,0.262970477343,0.225)/(0.0,0.0,0.0,1.0);success
Sat Sep 29 14:58:00 2018;post_grasp;(0.266859576257,0.00365691870533,0.303429937177)/(0.0043348926701,0.00258175473977,-0.00564160778179,0.999971357345);(0.0,0.0,0.0)/(0.0,0.0,0.0,0.0);success
Sat Sep 29 14:58:07 2018;drop_pose;(0.518427881131,0.258256467806,0.211647252633)/(0.000153839494775,0.000824589048289,0.000759381751822,0.999999359863);(0.593390524387,0.517784893513,0.265)/(0.0,0.0,0.0,1.0);success
Sat Sep 29 14:58:29 2018;grasp_pose;(0.215415998756,-0.0458970349405,0.174302983736)/(0.00115009540467,-0.00115901592881,-0.00212581680925,0.999996407426);(0.289781659842,0.213735178113,0.225)/(0.0,0.0,0.0,1.0);success
Sat Sep 29 14:58:31 2018;post_grasp;(0.215795790934,-0.0457623264946,0.304401352578)/(0.00144206996072,-0.00500958853254,-0.00194343522392,0.999984523638);(0.0,0.0,0.0)/(0.0,0.0,0.0,0.0);success
Sat Sep 29 14:58:37 2018;drop_pose;(0.225265771131,-0.225858973125,0.213816337728)/(0.00174425027046,0.00171269576192,-0.00537611455238,0.999982560676);(0.301121175289,0.0343000516295,0.265)/(0.0,0.0,0.0,1.0);success
Sat Sep 29 14:58:48 2018;grasp_pose;(0.540806077594,0.0341357306129,0.17069112882)/(0.000352229372919,0.00479427550869,0.00018772874014,0.99998842774);(0.617064356804,0.294197708368,0.225)/(0.0,0.0,0.0,1.0);success
Sat Sep 29 14:58:50 2018;post_grasp;(0.541105163373,0.0340307435972,0.301032789592)/(0.000887336835039,0.0016403874342,0.000158182214699,0.999998248369);(0.0,0.0,0.0)/(0.0,0.0,0.0,0.0);success
Sat Sep 29 14:58:55 2018;drop_pose;(0.504266887968,0.251432695766,0.211039813637)/(-0.00356350647542,0.00515334924471,0.00688648985927,0.999956659396);(0.580681025982,0.510421693325,0.265)/(0.0,0.0,0.0,1.0);success
Sat Sep 29 14:59:17 2018;grasp_pose;(0.230792262069,-0.191397523873,0.173591227375)/(-0.00132916024799,-0.000558014023771,-0.00354041132516,0.999992693694);(0.305379629135,0.0692484229803,0.225)/(0.0,0.0,0.0,1.0);success
Sat Sep 29 14:59:19 2018;post_grasp;(0.230876203038,-0.191776133327,0.303275501654)/(-0.00382742932128,-0.00215027874749,-0.00439952848546,0.999980685431);(0.0,0.0,0.0)/(0.0,0.0,0.0,0.0);success
Sat Sep 29 14:59:25 2018;drop_pose;(0.405137010985,-0.0846910691657,0.21275835076)/(-1.29262614832e-05,0.00162224925181,0.00843664004538,0.999963094942);(0.479924738407,0.173672869802,0.265)/(0.0,0.0,0.0,1.0);success
Sat Sep 29 14:59:48 2018;grasp_pose;(0.183143130715,0.0562211746668,0.17373596334)/(0.000403756915621,0.00414642025402,0.00162807116665,0.999989996732);(0.257914304733,0.316521257162,0.225)/(0.0,0.0,0.0,1.0);success
Sat Sep 29 14:59:51 2018;post_grasp;(0.183364213297,0.0565240183936,0.303740375309)/(-7.65035896222e-05,0.00435386928312,0.00554520541143,0.999975144024);(0.0,0.0,0.0)/(0.0,0.0,0.0,0.0);success
Sun Sep 30 10:55:31 2018;grasp_pose;(0.324554214577,0.168381990708,0.173504046775)/(-0.00410675336412,0.00314684898628,0.00162720468282,0.999985291953);(0.399931788445,0.428935170174,0.225)/(0.0,0.0,0.0,1.0);success
Sun Sep 30 10:55:44 2018;post_grasp;(0.325770032709,0.166964034973,0.303745907957)/(-0.00320752881125,0.00245812297442,-0.000391425005135,0.999991758054);(0.0,0.0,0.0)/(0.0,0.0,0.0,0.0);success
Sun Sep 30 10:55:51 2018;drop_pose;(0.620202950105,0.207642328467,0.210245141731)/(0.000161396112563,0.000978845479501,-0.000521437674854,0.999999371958);(0.695396840572,0.467409819365,0.265)/(0.0,0.0,0.0,1.0);success
Sun Sep 30 10:56:03 2018;grasp_pose;(0.482192331749,0.165892692179,0.171677183288)/(-0.00304682141076,0.00453823919489,0.00279167208025,0.999981163738);(0.558220624924,0.425752401352,0.225)/(0.0,0.0,0.0,1.0);success
Sun Sep 30 10:56:05 2018;post_grasp;(0.482117177887,0.165790051795,0.30258967922)/(-0.00300826777929,0.00246425005934,0.0044197344882,0.999982671722);(0.0,0.0,0.0)/(0.0,0.0,0.0,0.0);success
Sun Sep 30 10:56:12 2018;drop_pose;(0.27293880265,-0.0160148138528,0.214206189941)/(-0.0012964362027,0.00480363798875,-0.00290423011907,0.999983404744);(0.349546402693,0.244411364198,0.265)/(0.0,0.0,0.0,1.0);success
Sun Sep 30 10:56:23 2018;grasp_pose;(0.298764408652,0.213998201651,0.172678072384)/(-0.003655307276,0.00464461091438,0.00115862323115,0.999981861791);(0.374972313643,0.474770575762,0.225)/(0.0,0.0,0.0,1.0);success
Sun Sep 30 10:56:26 2018;post_grasp;(0.298751198711,0.213934305659,0.302638416544)/(-0.00107657745256,0.00191848932219,0.00102317560019,0.999997056741);(0.0,0.0,0.0)/(0.0,0.0,0.0,0.0);success
Sun Sep 30 10:56:31 2018;drop_pose;(0.250010083321,0.123576920139,0.213772058425)/(-0.003349301669,0.00420323150616,-0.000519701434464,0.999985422361);(0.3258869946,0.384014576674,0.265)/(0.0,0.0,0.0,1.0);success
Sun Sep 30 10:56:51 2018;grasp_pose;(0.255711812225,-0.0547702260661,0.173971046321)/(-9.06425221587e-05,0.0016689705094,-0.00153034966134,0.999997432172);(0.331168085337,0.204882606864,0.225)/(0.0,0.0,0.0,1.0);success
Sun Sep 30 10:56:54 2018;post_grasp;(0.255884704324,-0.0546810718763,0.304031180416)/(-0.000437523790742,-4.3854356701e-05,-0.00430736139217,0.9999906266);(0.0,0.0,0.0)/(0.0,0.0,0.0,0.0);success
Sun Sep 30 10:56:59 2018;drop_pose;(0.363963325421,-0.0161501451652,0.21333443163)/(2.21834268746e-05,0.00120881938943,0.00368486852417,0.999992479975);(0.438336074352,0.242999568582,0.265)/(0.0,0.0,0.0,1.0);success
Sun Sep 30 10:57:15 2018;grasp_pose;(0.320990654232,-0.142496917158,0.173218609224)/(0.000795420073077,0.0039253365482,-0.00269059512959,0.999988359801);(0.396845519543,0.117445833981,0.225)/(0.0,0.0,0.0,1.0);success
Sun Sep 30 10:57:17 2018;post_grasp;(0.32131747194,-0.142481417288,0.303584873925)/(9.29088054564e-05,0.00150202427816,-0.000846467729546,0.999998509391);(0.0,0.0,0.0)/(0.0,0.0,0.0,0.0);success
Sun Sep 30 10:57:32 2018;drop_pose;(0.190062827372,0.198518218928,0.213926102817)/(0.00037578469892,-0.00189623339315,0.000534918199299,0.999997988472);(0.26364415884,0.459207653999,0.265)/(0.0,0.0,0.0,1.0);success
Sun Sep 30 10:58:00 2018;grasp_pose;(0.26574683069,0.227582020769,0.173614525212)/(-0.00190162231369,0.00218606688076,0.00387874578139,0.999988280069);(0.341156721115,0.488133400679,0.225)/(0.0,0.0,0.0,1.0);success
Sun Sep 30 10:58:02 2018;post_grasp;(0.265976729188,0.227848239024,0.304053620904)/(0.000646744853374,-0.000356711857899,0.00348353041023,0.999993659727);(0.0,0.0,0.0)/(0.0,0.0,0.0,0.0);success
Sun Sep 30 10:58:08 2018;drop_pose;(0.319096176044,-0.0338466369285,0.213380678875)/(-4.26304500182e-05,0.0057012472672,-0.00507505523967,0.999970868464);(0.39505892992,0.228225558996,0.265)/(0.0,0.0,0.0,1.0);success
Sun Sep 30 10:58:27 2018;grasp_pose;(0.308599855607,-0.0906707868826,0.173150648993)/(0.000131503347898,-0.00258603358788,-0.00240222439653,0.999993762208);(0.38319709897,0.170964881778,0.225)/(0.0,0.0,0.0,1.0);success
Sun Sep 30 10:58:33 2018;post_grasp;(0.308417128942,-0.0902496024382,0.302852961592)/(0.000620188876213,-0.00320458527579,-0.0084577203651,0.999958905638);(0.0,0.0,0.0)/(0.0,0.0,0.0,0.0);success
Sun Sep 30 10:58:38 2018;drop_pose;(0.28706259149,-0.206953584202,0.21315267898)/(0.00157862846176,0.00357144387282,-0.00400809229253,0.999984343836);(0.363514363766,0.0541955493391,0.265)/(0.0,0.0,0.0,1.0);success
Sun Sep 30 10:58:54 2018;grasp_pose;(0.583742487337,0.251551488027,0.169639302438)/(-2.33881666052e-05,0.00754427084392,-0.00744428458962,0.999943831451);(0.659573435783,0.512642621994,0.225)/(0.0,0.0,0.0,1.0);success
Sun Sep 30 10:58:56 2018;post_grasp;(0.583693225967,0.252191060183,0.300406914387)/(0.000713008434742,0.00590498278549,-0.00786623106855,0.999951371421);(0.0,0.0,0.0)/(0.0,0.0,0.0,0.0);success
Sun Sep 30 10:59:11 2018;drop_pose;(0.207441394826,-0.244596580097,0.21330269665)/(0.00319632879799,0.00185066861255,-0.00736121685164,0.999966084922);(0.282597571611,0.0155092813075,0.265)/(0.0,0.0,0.0,1.0);success
Sun Sep 30 10:59:26 2018;grasp_pose;(0.607369554516,-0.135970244462,0.168996215572)/(0.00374721638741,0.00555789645777,-0.00118961930176,0.999976826213);(0.683830618858,0.122643209994,0.225)/(0.0,0.0,0.0,1.0);success
Sun Sep 30 10:59:28 2018;post_grasp;(0.607384117517,-0.135931949635,0.299303960196)/(0.00215355048402,0.00616270642275,0.00252287624414,0.999975508883);(0.0,0.0,0.0)/(0.0,0.0,0.0,0.0);success
Sun Sep 30 10:59:34 2018;drop_pose;(0.410342190364,0.023738944904,0.211692350162)/(-0.00200033417179,0.00913156901952,0.000740945937299,0.999956031088);(0.487559556961,0.284110963345,0.265)/(0.0,0.0,0.0,1.0);success
Sun Sep 30 10:59:45 2018;grasp_pose;(0.193513480015,0.243753968329,0.173910216849)/(-0.00245493447004,0.00299396248856,0.00298143507813,0.999988060194);(0.269610643387,0.503317713737,0.225)/(0.0,0.0,0.0,1.0);success
Sun Sep 30 10:59:56 2018;post_grasp;(0.19332281965,0.243516909159,0.303721370312)/(-0.00430161976707,0.00485963293521,0.00489545066404,0.999966956753);(0.0,0.0,0.0)/(0.0,0.0,0.0,0.0);success
Sun Sep 30 11:00:02 2018;drop_pose;(0.482198315303,0.164073782849,0.211948225411)/(-0.000140560696311,0.000468084628926,-0.0065891790883,0.999978171691);(0.555964291096,0.425373673439,0.265)/(0.0,0.0,0.0,1.0);success
Sun Sep 30 11:00:13 2018;grasp_pose;(0.296176458967,0.00797929392875,0.173324122644)/(0.000450221811807,0.00575124612864,-0.00177731813245,0.999981780638);(0.372075676918,0.267555117607,0.225)/(0.0,0.0,0.0,1.0);success
Sun Sep 30 11:00:25 2018;post_grasp;(0.295788496614,0.00586112565658,0.303175161787)/(0.000679774055552,0.0089008189729,-0.00327289335406,0.999954799727);(0.0,0.0,0.0)/(0.0,0.0,0.0,0.0);success
Sun Sep 30 11:00:31 2018;drop_pose;(0.417606593873,-0.179415949374,0.212993611128)/(-0.000242696736126,-6.18703623256e-05,-0.00670176417951,0.999977511561);(0.492304891348,0.0820438116789,0.265)/(0.0,0.0,0.0,1.0);success
Sun Sep 30 11:00:41 2018;grasp_pose;(0.537463183632,0.0345139759195,0.171137617082)/(0.000320796950793,0.00511444984612,-0.000816976750982,0.99998653593);(0.613430082798,0.294284671545,0.225)/(0.0,0.0,0.0,1.0);success
Sun Sep 30 11:00:43 2018;post_grasp;(0.537735209922,0.0344185064688,0.301637884186)/(0.000351472091348,0.00296512928061,7.15132766868e-05,0.999995539671);(0.0,0.0,0.0)/(0.0,0.0,0.0,0.0);success
Sun Sep 30 11:00:48 2018;drop_pose;(0.608371834976,0.0309033563994,0.211730991585)/(-5.45684062565e-05,0.00101951548206,-0.000462849526065,0.99999937169);(0.683478951454,0.290569454432,0.265)/(0.0,0.0,0.0,1.0);success
Sun Sep 30 11:01:08 2018;grasp_pose;(0.179875972,0.0893384857877,0.174572551009)/(-0.000423814873391,-0.000667751906078,-0.00255144915526,0.999996432291);(0.254898518324,0.349544137716,0.225)/(0.0,0.0,0.0,1.0);success
Sun Sep 30 11:01:11 2018;post_grasp;(0.180059541761,0.0893345638644,0.304708864837)/(0.000282715902138,-0.00254906512335,-0.0050147144415,0.999984137363);(0.0,0.0,0.0)/(0.0,0.0,0.0,0.0);success
Sun Sep 30 11:01:17 2018;drop_pose;(0.376664416905,-0.204259934001,0.213661835564)/(-0.000146047442521,2.07447349203e-06,-0.00667893470272,0.999977685);(0.451940506697,0.0576201975346,0.265)/(0.0,0.0,0.0,1.0);success
Sun Sep 30 11:01:34 2018;grasp_pose;(0.253423379914,0.253957467196,0.173917248952)/(-6.29340240703e-05,0.000723254176842,-0.000581517235449,0.99999956739);(0.32876098156,0.514045238495,0.225)/(0.0,0.0,0.0,1.0);success
Sun Sep 30 11:01:46 2018;post_grasp;(0.253116753125,0.253605677538,0.303665314656)/(-0.00193480631185,0.00304889044116,0.00182597924095,0.999991813262);(0.0,0.0,0.0)/(0.0,0.0,0.0,0.0);success
Sun Sep 30 11:01:51 2018;drop_pose;(0.258996863657,0.216715208538,0.213486861303)/(-0.00275482192846,0.00232916682246,-0.00349211418713,0.999987395459);(0.334199011326,0.477128148079,0.265)/(0.0,0.0,0.0,1.0);success
Sun Sep 30 11:02:02 2018;grasp_pose;(0.532504605895,-0.0914022084511,0.171022234017)/(0.00221047206597,0.0049812475253,-0.00200516124932,0.999983140015);(0.608761906624,0.168087899685,0.225)/(0.0,0.0,0.0,1.0);success
Sun Sep 30 11:02:04 2018;post_grasp;(0.532607491154,-0.0910350270292,0.301781943007)/(0.00273910181295,0.000624672221433,-0.00322198367032,0.999990862922);(0.0,0.0,0.0)/(0.0,0.0,0.0,0.0);success
Sun Sep 30 11:02:17 2018;drop_pose;(0.278742493605,0.282112055456,0.212674191103)/(-0.00443999808996,0.00445403264029,0.00281606567059,0.99997625861);(0.35425144434,0.543354809284,0.265)/(0.0,0.0,0.0,1.0);success
Sun Sep 30 11:02:36 2018;grasp_pose;(0.53316828662,0.265824327904,0.170841189311)/(-0.0010417421506,0.00578360597145,-0.00236608457591,0.999979932958);(0.610659241676,0.523444414139,0.225)/(0.0,0.0,0.0,1.0);success
Sun Sep 30 11:02:38 2018;post_grasp;(0.533195104837,0.265711767369,0.301423337182)/(0.000131253810085,0.00366925205374,-0.00303678046448,0.999988648599);(0.0,0.0,0.0)/(0.0,0.0,0.0,0.0);success
Sun Sep 30 11:02:43 2018;drop_pose;(0.561720764257,0.114142453164,0.210217052723)/(-0.000793664972288,0.0083576723564,-0.0052725873343,0.999950858408);(0.637794315815,0.376345902681,0.265)/(0.0,0.0,0.0,1.0);success
Sun Sep 30 11:02:58 2018;grasp_pose;(0.202257677261,0.215488441071,0.173615156911)/(-0.00377178455091,0.00156452552386,0.00239082813194,0.999988804858);(0.278008311987,0.475528985262,0.225)/(0.0,0.0,0.0,1.0);success
Sun Sep 30 11:03:00 2018;post_grasp;(0.202282701557,0.215536596563,0.30371763796)/(-0.00245328620306,0.000754314150897,0.00489326676981,0.999984734052);(0.0,0.0,0.0)/(0.0,0.0,0.0,0.0);success
Sun Sep 30 11:03:13 2018;drop_pose;(0.270944223662,0.186059056624,0.214060825666)/(-0.000800036790736,0.00215318918821,0.00591223864722,0.999979884373);(0.347235053778,0.446236431599,0.265)/(0.0,0.0,0.0,1.0);success
Sun Sep 30 11:03:34 2018;grasp_pose;(0.214574031882,-0.15364933536,0.173637494688)/(-0.000828329584055,0.00114855276728,8.01913964382e-05,0.999998994132);(0.289086341858,0.106913283467,0.225)/(0.0,0.0,0.0,1.0);success
Sun Sep 30 11:03:36 2018;post_grasp;(0.214671453827,-0.153895658583,0.303581585513)/(-0.00218717148139,-0.000700960976888,-0.00172649080448,0.999995872074);(0.0,0.0,0.0)/(0.0,0.0,0.0,0.0);success
Sun Sep 30 11:03:43 2018;drop_pose;(0.377293345165,0.120779537806,0.213028951455)/(3.9181095331e-05,0.00207682114168,0.00588177813749,0.999980544793);(0.453277736902,0.379409074783,0.265)/(0.0,0.0,0.0,1.0);success
Sun Sep 30 11:03:55 2018;grasp_pose;(0.599689551113,-0.141820563244,0.170808578981)/(0.00154511557157,0.00402177082531,-0.000711583222421,0.999990465768);(0.675350546837,0.118322230875,0.225)/(0.0,0.0,0.0,1.0);success
Sun Sep 30 11:03:57 2018;post_grasp;(0.599786755989,-0.142407056927,0.300495903548)/(0.00096162325792,0.00271937544855,0.000193049327772,0.999995821496);(0.0,0.0,0.0)/(0.0,0.0,0.0,0.0);success
Sun Sep 30 11:04:12 2018;drop_pose;(0.283042985931,0.212952238336,0.213175394298)/(-0.00253127803344,0.00381952433476,0.000834948945444,0.999989153304);(0.358541935682,0.473209559917,0.265)/(0.0,0.0,0.0,1.0);success
Sun Sep 30 11:04:36 2018;grasp_pose;(0.194645908453,-0.156956193948,0.174281499573)/(-0.000835287245398,-0.00112884283901,-0.00189573087507,0.999997217103);(0.269629716873,0.103334948421,0.225)/(0.0,0.0,0.0,1.0);success
Sun Sep 30 11:04:38 2018;post_grasp;(0.194915922461,-0.157581855921,0.304556127201)/(-0.00458073407682,-0.00400757246344,-0.00293747592854,0.999977163476);(0.0,0.0,0.0)/(0.0,0.0,0.0,0.0);success
Sun Sep 30 11:04:46 2018;drop_pose;(0.625434551429,-0.0665252412765,0.211243333723)/(-0.000104384822151,-5.57894811978e-05,0.00420445214022,0.999991154248);(0.699943304062,0.192657381296,0.265)/(0.0,0.0,0.0,1.0);success
Sun Sep 30 11:04:58 2018;grasp_pose;(0.598288312532,0.0740171659849,0.16972283669)/(0.00202922165974,0.00438774575946,-8.27043100935e-05,0.999988311485);(0.674285054207,0.333485871553,0.225)/(0.0,0.0,0.0,1.0);success
Sun Sep 30 11:05:00 2018;post_grasp;(0.598404649748,0.0742829205629,0.300330932766)/(0.00266509709263,0.00069368686363,-0.000343398695931,0.999996149059);(0.0,0.0,0.0)/(0.0,0.0,0.0,0.0);success
Sun Sep 30 11:05:06 2018;drop_pose;(0.45395323092,0.0781799995952,0.211457299128)/(-0.00156496656363,0.00689895771723,-0.000286635432568,0.999974936237);(0.530409157276,0.33857268095,0.265)/(0.0,0.0,0.0,1.0);success
Sun Sep 30 11:05:16 2018;grasp_pose;(0.489731967651,0.129398143,0.171854523449)/(-0.00205171644362,0.00516595695955,0.00198271762726,0.999982585938);(0.5658416152,0.389551341534,0.225)/(0.0,0.0,0.0,1.0);success
Sun Sep 30 11:05:18 2018;post_grasp;(0.489962677915,0.129114590171,0.302436101778)/(-0.00182612666365,0.00346641397825,0.00352237798988,0.999986120948);(0.0,0.0,0.0)/(0.0,0.0,0.0,0.0);success
Sun Sep 30 11:05:23 2018;drop_pose;(0.599362184994,-0.0169902808405,0.211688249732)/(-9.86418943561e-05,0.0012409764985,-0.00455823901211,0.99998883629);(0.673985481262,0.244183242321,0.265)/(0.0,0.0,0.0,1.0);success
Sun Sep 30 11:05:36 2018;grasp_pose;(0.237784813903,0.149655621433,0.173967373314)/(0.000263297972738,0.000708669179681,-0.00210668819416,0.99999749516);(0.312910437584,0.410023331642,0.225)/(0.0,0.0,0.0,1.0);success
Sun Sep 30 11:05:39 2018;post_grasp;(0.237805578602,0.149786484352,0.303792260192)/(0.000265834934332,-0.0012562307529,-0.000255918789265,0.99999914286);(0.0,0.0,0.0)/(0.0,0.0,0.0,0.0);success
Sun Sep 30 11:05:46 2018;drop_pose;(0.551339192001,-0.118013160595,0.212389556803)/(4.23664235499e-05,-0.000278529411453,-0.00347395786769,0.999993926103);(0.625995874405,0.142545029521,0.265)/(0.0,0.0,0.0,1.0);success
Sun Sep 30 11:06:07 2018;grasp_pose;(0.335354576755,0.220356949125,0.173243484354)/(-0.00338311437759,0.00464357276355,0.00123755885855,0.999982729959);(0.411325573921,0.480872809887,0.225)/(0.0,0.0,0.0,1.0);success
Sun Sep 30 11:06:09 2018;post_grasp;(0.335771473651,0.220416176778,0.303886839484)/(-0.00127452528985,0.0018268112076,0.00327668565736,0.999992150808);(0.0,0.0,0.0)/(0.0,0.0,0.0,0.0);success
Sun Sep 30 11:06:14 2018;drop_pose;(0.400584894643,0.101617640671,0.212573855839)/(-0.00107292833454,0.00423720899083,-0.003787396506,0.999983275116);(0.475581288338,0.364246159792,0.265)/(0.0,0.0,0.0,1.0);success
Sun Sep 30 11:06:25 2018;grasp_pose;(0.50684154869,-0.0385249399773,0.17176820741)/(0.00148249660599,0.00584218690713,-0.000270543766036,0.999981798765);(0.582989156246,0.221182733774,0.225)/(0.0,0.0,0.0,1.0);success
Sun Sep 30 11:06:27 2018;post_grasp;(0.507143214634,-0.0388435359459,0.302284211487)/(0.00122536846566,0.00247848497167,0.000724633652322,0.999995915237);(0.0,0.0,0.0)/(0.0,0.0,0.0,0.0);success
Sun Sep 30 11:06:33 2018;drop_pose;(0.38038432216,0.19652657062,0.212987762199)/(-0.00267404297172,0.00367474040031,0.00513869898648,0.999976469498);(0.456680327654,0.455476611853,0.265)/(0.0,0.0,0.0,1.0);success
Sun Sep 30 11:06:44 2018;grasp_pose;(0.400708106052,0.149213014001,0.172709966884)/(-0.0011943867984,0.00372182720564,0.00128567774614,0.999991534202);(0.476590275764,0.409321337938,0.225)/(0.0,0.0,0.0,1.0);success
Sun Sep 30 11:06:46 2018;post_grasp;(0.40087406941,0.149039671287,0.302696918814)/(-0.00190780174001,0.00241843515376,0.00369942290666,0.9999884128);(0.0,0.0,0.0)/(0.0,0.0,0.0,0.0);success
Sun Sep 30 11:06:51 2018;drop_pose;(0.463822129483,0.162075919148,0.2121901128)/(-0.000920495850511,0.00356921549962,-0.00158296471136,0.999991953773);(0.538930654526,0.421813964844,0.265)/(0.0,0.0,0.0,1.0);success
Sun Sep 30 11:07:02 2018;grasp_pose;(0.431479454676,0.0682710964202,0.172933661461)/(-0.0023343603124,0.00675288718985,0.00319291663402,0.999969376811);(0.507463872433,0.328569382429,0.225)/(0.0,0.0,0.0,1.0);success
Sun Sep 30 11:07:04 2018;post_grasp;(0.431846597402,0.0681780797355,0.303393019478)/(-0.00165588195902,0.0026158308123,0.00359906834757,0.999988731032);(0.0,0.0,0.0)/(0.0,0.0,0.0,0.0);success
Sun Sep 30 11:07:10 2018;drop_pose;(0.608302443717,-0.0571003931385,0.210754838934)/(-0.0011215340743,0.00186881962681,-0.00197750574807,0.999995669563);(0.683114171028,0.202973917127,0.265)/(0.0,0.0,0.0,1.0);success
Sun Sep 30 11:07:30 2018;grasp_pose;(0.535928799124,0.230833979006,0.169876019548)/(-0.00246697301087,0.00613829543522,0.00160832948598,0.999976824056);(0.611510872841,0.493039697409,0.225)/(0.0,0.0,0.0,1.0);success
Sun Sep 30 11:07:32 2018;post_grasp;(0.536169481573,0.230314035498,0.300019344205)/(-0.00285697678386,0.00509125031611,0.00481377727287,0.999971371791);(0.0,0.0,0.0)/(0.0,0.0,0.0,0.0);success
Sun Sep 30 11:07:38 2018;drop_pose;(0.38710393919,0.023736869347,0.212204079433)/(-0.00158337442268,0.00631454274696,-0.00261719629528,0.999975384576);(0.463830202818,0.284231632948,0.265)/(0.0,0.0,0.0,1.0);success
Sun Sep 30 11:07:54 2018;grasp_pose;(0.228277697715,-0.232763638172,0.173591047417)/(0.00297272924988,0.00539576985077,0.00186540859384,0.999979284185);(0.304506123066,0.0254345163703,0.225)/(0.0,0.0,0.0,1.0);success
Sun Sep 30 11:07:56 2018;post_grasp;(0.228433562615,-0.23288952334,0.303989187755)/(0.00080811722314,0.00190748989882,0.00246774942258,0.999994809307);(0.0,0.0,0.0)/(0.0,0.0,0.0,0.0);success
Sun Sep 30 11:08:15 2018;drop_pose;(0.183442735091,0.239819937595,0.21358152697)/(-0.00233810934054,0.0010333741444,0.00886352623402,0.999957450737);(0.25880292058,0.499153852463,0.265)/(0.0,0.0,0.0,1.0);success
Sun Sep 30 11:08:35 2018;grasp_pose;(0.560695448972,-0.200094994957,0.169671185276)/(0.00126913680761,0.00717640147965,-0.00397776685058,0.999965532368);(0.638199031353,0.0613482631743,0.225)/(0.0,0.0,0.0,1.0);success
Sun Sep 30 11:08:37 2018;post_grasp;(0.560839446186,-0.20005491244,0.300054980997)/(0.00208445012307,0.00549773915845,-0.0058223382205,0.999965764569);(0.0,0.0,0.0)/(0.0,0.0,0.0,0.0);success
Sun Sep 30 11:08:50 2018;drop_pose;(0.284405510556,0.170443885629,0.213623253457)/(-0.00306263708704,0.00437080678689,-0.00211341834398,0.999983524747);(0.360198348761,0.431401669979,0.265)/(0.0,0.0,0.0,1.0);success
Sun Sep 30 11:09:01 2018;grasp_pose;(0.546456008604,-0.170373686988,0.170180733872)/(0.00425045475575,0.00548466832614,-0.00255887649508,0.999972651725);(0.622708499432,0.0881780609488,0.225)/(0.0,0.0,0.0,1.0);success
Sun Sep 30 11:09:03 2018;post_grasp;(0.546559207365,-0.170623278975,0.30014497187)/(0.00430018712772,0.00396700717435,-0.00110148137362,0.999982278835);(0.0,0.0,0.0)/(0.0,0.0,0.0,0.0);success
Sun Sep 30 11:09:09 2018;drop_pose;(0.228597726532,-0.155335484798,0.213905146721)/(0.00235073779537,0.00692334037218,-0.000590979423156,0.999973095705);(0.305395275354,0.104318983853,0.265)/(0.0,0.0,0.0,1.0);success
Sun Sep 30 11:09:21 2018;grasp_pose;(0.45271925236,-0.0259219272165,0.172885829562)/(0.00109216758903,0.00463146322988,-0.00203595509173,0.999986605713);(0.528990030289,0.23385989666,0.225)/(0.0,0.0,0.0,1.0);success
Sun Sep 30 11:09:23 2018;post_grasp;(0.453209735671,-0.0260063586342,0.303229069924)/(0.00144709754491,0.00159933172235,-0.00127226404378,0.999996864691);(0.0,0.0,0.0)/(0.0,0.0,0.0,0.0);success
Sun Sep 30 11:09:28 2018;drop_pose;(0.43133630565,-0.200434296194,0.212082576641)/(0.0015762479596,0.00540166380032,0.00330572675781,0.999978704594);(0.508548438549,0.0616268739104,0.265)/(0.0,0.0,0.0,1.0);success
Sun Sep 30 11:09:48 2018;grasp_pose;(0.409368115165,0.231434710296,0.172106937389)/(-0.00145467870622,0.00445026500843,-0.00117489930653,0.999988349264);(0.484303951263,0.493676096201,0.225)/(0.0,0.0,0.0,1.0);success
Sun Sep 30 11:09:50 2018;post_grasp;(0.409694315158,0.231351185147,0.302326805402)/(-1.59203786659e-05,0.00213103299141,-0.00173720606059,0.999996220273);(0.0,0.0,0.0)/(0.0,0.0,0.0,0.0);success
Sun Sep 30 11:09:55 2018;drop_pose;(0.48132793429,0.138466128853,0.21189436695)/(-0.00151227897548,0.00497174051416,-0.00409576623278,0.999978109514);(0.55617082119,0.401265054941,0.265)/(0.0,0.0,0.0,1.0);success
Sun Sep 30 11:10:09 2018;grasp_pose;(0.549245986761,0.243164117348,0.170321747811)/(-0.0030088591931,0.00575801222385,0.000424656147357,0.99997880564);(0.6247651577,0.506233453751,0.225)/(0.0,0.0,0.0,1.0);success
Sun Sep 30 11:10:11 2018;post_grasp;(0.549190390537,0.243382806085,0.300414319724)/(-0.00224473081435,0.00512363115481,-0.00198361405625,0.999982387276);(0.0,0.0,0.0)/(0.0,0.0,0.0,0.0);success
Sun Sep 30 11:10:16 2018;drop_pose;(0.601175059103,0.00403601435771,0.211089477088)/(-0.000159205461977,0.00480024457134,-0.00527511891367,0.999974552389);(0.676840782166,0.266321718693,0.265)/(0.0,0.0,0.0,1.0);success
Sun Sep 30 11:10:30 2018;grasp_pose;(0.54919287576,-0.0416361978613,0.17019977065)/(0.00280691085811,0.00637466798279,-0.00164649093299,0.999974386636);(0.62616944313,0.217808485031,0.225)/(0.0,0.0,0.0,1.0);success
Sun Sep 30 11:10:32 2018;post_grasp;(0.54933764189,-0.0415455725877,0.300589387782)/(0.00192888491906,0.00586265949752,0.00212408889672,0.99997869821);(0.0,0.0,0.0)/(0.0,0.0,0.0,0.0);success
Sun Sep 30 11:10:41 2018;drop_pose;(0.276523443911,0.0268424036153,0.213663268879)/(0.00134905652175,0.000277126229318,0.000682669140306,0.999998818605);(0.352191418409,0.286974519491,0.265)/(0.0,0.0,0.0,1.0);success
Sun Sep 30 11:10:59 2018;grasp_pose;(0.313609145895,0.108614115388,0.173976211573)/(0.000299762424789,0.000631105835556,0.000799687111804,0.999999436174);(0.388476938009,0.368509560823,0.225)/(0.0,0.0,0.0,1.0);success
Sun Sep 30 11:11:14 2018;post_grasp;(0.312769360114,0.108692132959,0.303770006901)/(0.000235282189778,0.00312497135405,-0.00306280804669,0.999990399156);(0.0,0.0,0.0)/(0.0,0.0,0.0,0.0);success
Sun Sep 30 11:11:20 2018;drop_pose;(0.276860013569,-0.228790994002,0.213432639731)/(0.00190453010875,0.00232292525602,-0.00517054757424,0.999982120951);(0.353350073099,0.0322347320616,0.265)/(0.0,0.0,0.0,1.0);success
Sun Sep 30 11:11:41 2018;grasp_pose;(0.299025808065,-0.239603048744,0.173478942942)/(8.74687941424e-06,0.00420333573698,0.0024814639068,0.999988087044);(0.374851107597,0.020540529862,0.225)/(0.0,0.0,0.0,1.0);success
Sun Sep 30 11:11:44 2018;post_grasp;(0.299520137685,-0.239763853547,0.302806923599)/(-0.00176890748411,0.00416088336526,0.0017489502255,0.999988249525);(0.0,0.0,0.0)/(0.0,0.0,0.0,0.0);success
Sun Sep 30 11:11:50 2018;drop_pose;(0.62118903122,0.178406494021,0.211243632783)/(-0.000768431158306,0.00106057369712,0.00344185416652,0.999993219145);(0.696229279041,0.43764603138,0.265)/(0.0,0.0,0.0,1.0);success
Sun Sep 30 11:12:01 2018;grasp_pose;(0.479796829312,-0.006353141447,0.17240011595)/(0.000119652524819,0.00484538793126,0.000826705310187,0.999987912156);(0.555711448193,0.25377240777,0.225)/(0.0,0.0,0.0,1.0);success
Sun Sep 30 11:12:03 2018;post_grasp;(0.480242952901,-0.00641893881376,0.302763018169)/(0.000737294735194,0.00101157091433,0.00110751800385,0.999998603261);(0.0,0.0,0.0)/(0.0,0.0,0.0,0.0);success
Sun Sep 30 11:12:08 2018;drop_pose;(0.473764242885,-0.0376347216255,0.211997388305)/(-0.000325470689089,0.00684824806974,-0.00128045708836,0.999975677703);(0.549607872963,0.222477093339,0.265)/(0.0,0.0,0.0,1.0);success
Sun Sep 30 11:12:19 2018;grasp_pose;(0.537818841053,0.0194395186064,0.17160732275)/(-3.79794601775e-06,0.00503875981579,0.00104520629024,0.999986759127);(0.613856971264,0.278794884682,0.225)/(0.0,0.0,0.0,1.0);success
Sun Sep 30 11:12:21 2018;post_grasp;(0.538083827263,0.0196277143254,0.301937100247)/(-2.22608007923e-05,0.00285622868612,0.00198540871879,0.999993949789);(0.0,0.0,0.0)/(0.0,0.0,0.0,0.0);success
Sun Sep 30 11:12:27 2018;drop_pose;(0.198956509208,0.204908006851,0.213734734001)/(-0.00540862404099,0.00516087922591,0.00387376607369,0.999964552396);(0.27569437027,0.465664446354,0.265)/(0.0,0.0,0.0,1.0);success
Sun Sep 30 11:12:38 2018;grasp_pose;(0.466847772127,-0.0453596250458,0.171631840244)/(0.000968828713063,0.00545562456294,-0.000743288938132,0.999984372404);(0.542995333672,0.214005723596,0.225)/(0.0,0.0,0.0,1.0);success
Sun Sep 30 11:12:40 2018;post_grasp;(0.466979251435,-0.0452290501573,0.301768157393)/(0.00104032761656,0.00299628764346,0.000464814201504,0.99999486195);(0.0,0.0,0.0)/(0.0,0.0,0.0,0.0);success
Sun Sep 30 11:12:45 2018;drop_pose;(0.562009957595,0.138954569339,0.211517948733)/(7.63995758398e-05,0.000389755813251,0.00336035527561,0.999994275117);(0.636871576309,0.397741794586,0.265)/(0.0,0.0,0.0,1.0);success
Sun Sep 30 11:12:56 2018;grasp_pose;(0.546551205291,0.138921115609,0.171026462484)/(-0.00132744763448,0.00494591927077,0.00274625433896,0.999983116784);(0.622532844543,0.398449748755,0.225)/(0.0,0.0,0.0,1.0);success
Sun Sep 30 11:12:58 2018;post_grasp;(0.546765302864,0.138931663522,0.301084315386)/(0.000223267739189,0.00202131816153,0.00379120334617,0.999990745558);(0.0,0.0,0.0)/(0.0,0.0,0.0,0.0);success
Sun Sep 30 11:13:11 2018;drop_pose;(0.324674248519,-0.0121093310328,0.213504202009)/(0.000944620357053,0.0044027420432,-0.00181182980574,0.999988220344);(0.400285393,0.247487545013,0.265)/(0.0,0.0,0.0,1.0);success
Sun Sep 30 11:13:27 2018;grasp_pose;(0.598275332754,0.0607714167026,0.170484163102)/(0.000941778960414,0.00523064770785,0.000960177179955,0.999985415612);(0.674218833447,0.320585727692,0.225)/(0.0,0.0,0.0,1.0);success
Sun Sep 30 11:13:29 2018;post_grasp;(0.598417768659,0.0607062161277,0.300258391685)/(0.00133466191093,0.00345899694454,0.000996406802502,0.999992630568);(0.0,0.0,0.0)/(0.0,0.0,0.0,0.0);success
Sun Sep 30 11:13:33 2018;drop_pose;(0.587007774114,0.150285719225,0.211385838063)/(-0.00272089137959,0.00566573293052,0.00412325031124,0.999971747115);(0.662925183773,0.409650981426,0.265)/(0.0,0.0,0.0,1.0);success
Sun Sep 30 11:13:44 2018;grasp_pose;(0.317717266789,-0.0225966038457,0.173833299236)/(0.000361672428492,0.00443045395993,-0.00200303776575,0.999988113985);(0.393469214439,0.237314537168,0.225)/(0.0,0.0,0.0,1.0);success
Sun Sep 30 11:13:57 2018;post_grasp;(0.317095389207,-0.023597914823,0.303429093207)/(0.00175736171189,0.00441419119191,-0.00691656894467,0.999964793215);(0.0,0.0,0.0)/(0.0,0.0,0.0,0.0);success
Sun Sep 30 11:14:03 2018;drop_pose;(0.544982276127,0.146912092016,0.211878357101)/(0.000992666038432,0.000166902267236,0.000461018275581,0.99999938711);(0.61934620142,0.407070875168,0.265)/(0.0,0.0,0.0,1.0);success
Sun Sep 30 11:14:22 2018;grasp_pose;(0.592438948655,0.275055205682,0.168360993439)/(-0.00274484428852,0.0081440521815,-0.000290659236791,0.999963027197);(0.668163776398,0.537603914738,0.225)/(0.0,0.0,0.0,1.0);success
Sun Sep 30 11:14:24 2018;post_grasp;(0.592305813335,0.275478654097,0.297762407887)/(-0.000472597243626,0.00620391194712,-0.000185528440665,0.999980626666);(0.0,0.0,0.0)/(0.0,0.0,0.0,0.0);success
Sun Sep 30 11:14:40 2018;drop_pose;(0.247493657213,-0.159337336849,0.213751437984)/(-0.0019081749732,-0.0014075826964,-0.00172114313459,0.999995707614);(0.322106271982,0.101200930774,0.265)/(0.0,0.0,0.0,1.0);success
Sun Sep 30 11:15:05 2018;grasp_pose;(0.607032960396,0.195448614201,0.168787669744)/(-0.000867162073553,0.00683051868826,0.0043367158546,0.999966891922);(0.68381768465,0.454873740673,0.225)/(0.0,0.0,0.0,1.0);success
Sun Sep 30 11:15:07 2018;post_grasp;(0.607277620566,0.195194019961,0.298585222693)/(-0.000966489531262,0.00465944792633,0.00486138486163,0.999976860922);(0.0,0.0,0.0)/(0.0,0.0,0.0,0.0);success
Sun Sep 30 11:15:12 2018;drop_pose;(0.549464767174,0.00261017077595,0.210510837346)/(-0.000848259644443,0.00709324061174,-0.00212268513178,0.999972229915);(0.62605881691,0.263408482075,0.265)/(0.0,0.0,0.0,1.0);success
Sun Sep 30 11:15:32 2018;grasp_pose;(0.233189446856,0.0153398837041,0.173497395085)/(-0.000676287355397,0.0027404733073,-0.00551877228768,0.999980787612);(0.307877272367,0.276556402445,0.225)/(0.0,0.0,0.0,1.0);success
Sun Sep 30 11:15:35 2018;post_grasp;(0.233332519241,0.015315840833,0.303006553761)/(-0.000354494717255,0.00130964386507,-0.00806663549769,0.999966543719);(0.0,0.0,0.0)/(0.0,0.0,0.0,0.0);success
Sun Sep 30 11:15:42 2018;drop_pose;(0.528793604408,0.268420169442,0.211856849401)/(0.000174692129084,-0.000821955020898,0.00160646035875,0.999998356578);(0.603280305862,0.528387248516,0.265)/(0.0,0.0,0.0,1.0);success
Sun Sep 30 11:15:54 2018;grasp_pose;(0.520671282851,-0.0772279725375,0.171353774489)/(0.00021426601059,0.00515662631528,-6.16437227443e-06,0.99998668154);(0.596769928932,0.182693049312,0.225)/(0.0,0.0,0.0,1.0);success
Sun Sep 30 11:15:56 2018;post_grasp;(0.52068913971,-0.0773656630576,0.301165890636)/(-0.000782478284635,0.00451616481796,0.00195280146115,0.999987589198);(0.0,0.0,0.0)/(0.0,0.0,0.0,0.0);success
Sun Sep 30 11:16:02 2018;drop_pose;(0.363709517574,-0.010954862759,0.212972680813)/(-0.000332374562639,0.00623118952505,-0.00168381509982,0.999979113067);(0.440376967192,0.249258339405,0.265)/(0.0,0.0,0.0,1.0);success
Sun Sep 30 11:16:15 2018;grasp_pose;(0.338998237675,0.286826275194,0.173826645299)/(0.000949448899961,-0.00363171697335,-0.000289838158208,0.999992912561);(0.413157165051,0.546929121017,0.225)/(0.0,0.0,0.0,1.0);success
Sun Sep 30 11:16:17 2018;post_grasp;(0.338700251472,0.287211242405,0.303708394873)/(0.00170820943814,-0.00540969968355,-0.000607075382041,0.999983724182);(0.0,0.0,0.0)/(0.0,0.0,0.0,0.0);success
Sun Sep 30 11:16:22 2018;drop_pose;(0.444254514298,0.288044439311,0.212685237692)/(-0.000777017196347,0.000697296228348,-0.00200380593982,0.999997447389);(0.518612682819,0.547814786434,0.265)/(0.0,0.0,0.0,1.0);success
Sun Sep 30 11:16:35 2018;grasp_pose;(0.585145564669,-0.018538815739,0.171039728416)/(0.00221576853921,0.00463847540719,-0.00179864816501,0.99998516978);(0.661319077015,0.241588398814,0.225)/(0.0,0.0,0.0,1.0);success
Sun Sep 30 11:16:36 2018;post_grasp;(0.585522380146,-0.0189311607681,0.30111929513)/(0.00254504417296,0.000591875811675,-0.00237021028774,0.999993777249);(0.0,0.0,0.0)/(0.0,0.0,0.0,0.0);success
Sun Sep 30 11:16:42 2018;drop_pose;(0.367055903636,-0.240473771549,0.211196477044)/(0.00337418818095,0.00595967964528,-0.00407426079372,0.999968248232);(0.444131433964,0.0196119919419,0.265)/(0.0,0.0,0.0,1.0);success
Sun Sep 30 11:17:03 2018;grasp_pose;(0.394967020109,0.199514612943,0.172331687823)/(-0.000629190509921,0.00369750836157,0.000217540795835,0.999992942589);(0.470512956381,0.460157543421,0.225)/(0.0,0.0,0.0,1.0);success
Sun Sep 30 11:17:05 2018;post_grasp;(0.39491246258,0.199822814252,0.301872967504)/(0.000832792141364,0.00228334163791,0.000879861692759,0.99999665932);(0.0,0.0,0.0)/(0.0,0.0,0.0,0.0);success
Sun Sep 30 11:17:22 2018;drop_pose;(0.389979225578,-0.162668334908,0.212522656494)/(0.00239840236672,0.00549639798819,8.12807269458e-05,0.999982015173);(0.466639339924,0.0989942848682,0.265)/(0.0,0.0,0.0,1.0);success
Sun Sep 30 11:17:37 2018;grasp_pose;(0.450299640262,-0.222376620562,0.171281997056)/(0.00271540231074,0.00640022120962,0.000149758653273,0.999975820373);(0.526339292526,0.0354415923357,0.225)/(0.0,0.0,0.0,1.0);success
Sun Sep 30 11:17:39 2018;post_grasp;(0.450446252579,-0.22241226426,0.301838160493)/(0.0011017597549,0.0026150143595,0.00073702107894,0.999995702303);(0.0,0.0,0.0)/(0.0,0.0,0.0,0.0);success